image_path,centers,radii,count
/home/mmd/qwen/counting3/images/trial-20_0.png,"[[159.78931004839748, 14.90038718801601], [76.70668458815919, 22.03558657335762], [181.91543682939482, 38.3611815472248], [217.41694143670475, 17.12979797465898], [110.19817488824165, 15.072699899770532], [20.050201087920907, 21.158155424719347], [136.26000485167177, 49.03216750325734], [74.87094342719784, 47.71956515764978], [53.01961178916611, 40.24856472621257], [239.6113239451437, 37.03999135474734]]","[8.0, 8.0, 8.0, 8.0, 8.0, 8.0, 8.0, 8.0, 8.0, 8.0]",10
/home/mmd/qwen/counting3/images/trial-20_1.png,"[[22.78981936892265, 39.0640756149339], [46.816774478142314, 30.65116117384715], [167.13546221885088, 42.54624577959059], [117.32714409029641, 31.93780027272984], [98.90142722717117, 44.68239079487071], [138.71233017834928, 41.19140617717878], [207.99955740917767, 43.5279195344736], [99.69568913423034, 17.44675208465875], [168.86938275334944, 17.387553501223252], [192.03728309911185, 15.803500946983029]]","[8.0, 8.0, 8.0, 8.0, 8.0, 8.0, 8.0, 8.0, 8.0, 8.0]",10
/home/mmd/qwen/counting3/images/trial-20_2.png,"[[107.14618047002458, 33.510992327765464], [210.5443485572743, 20.35996319103598], [65.33637069181745, 15.047501117651999], [40.596321624972944, 14.317002531934408], [239.60438356608165, 38.96636941153177], [171.61859527802247, 25.740315414206957], [30.77018217184516, 44.29482428862353], [232.63449993668266, 17.877807154895695], [156.57226886880773, 48.904429275016895], [195.0456046458335, 38.615191905354884]]","[8.0, 8.0, 8.0, 8.0, 8.0, 8.0, 8.0, 8.0, 8.0, 8.0]",10
/home/mmd/qwen/counting3/images/trial-20_3.png,"[[75.98759447957269, 31.569015482632683], [32.66849006062598, 26.19440553171451], [182.0286183591193, 21.596370784438804], [207.3614602792762, 39.822861994966516], [173.70284882962804, 47.22649691371654], [102.18503626744213, 45.547954661057], [149.2400895000887, 16.15514193278915], [20.61253766961146, 44.91130730180272], [235.16920050897858, 44.39507163513852], [132.62325736005351, 39.491884529883286]]","[8.0, 8.0, 8.0, 8.0, 8.0, 8.0, 8.0, 8.0, 8.0, 8.0]",10
/home/mmd/qwen/counting3/images/trial-20_4.png,"[[216.5251214311673, 28.399798254956465], [148.2054016725249, 44.95232024753941], [66.10693836712895, 32.56582222484671], [21.337356887229042, 16.481972129595462], [86.9791883240101, 43.70331265002861], [234.68042330909222, 47.642695750684354], [35.186089744691024, 49.07710007867174], [123.15371929232997, 19.620001025095902], [184.7433906703692, 33.59921176952079], [94.88036334424436, 16.485134139127368]]","[8.0, 8.0, 8.0, 8.0, 8.0, 8.0, 8.0, 8.0, 8.0, 8.0]",10
/home/mmd/qwen/counting3/images/trial-20_5.png,"[[94.22094632875725, 29.48670485564353], [117.43695689842292, 26.364910671617118], [23.327188739768115, 29.06717386626128], [74.14791407379559, 48.76063135654336], [223.1680615095955, 46.35458084464663], [143.40555153426132, 22.281690273871316], [232.37010400881715, 15.197508038536032], [187.71281648191953, 22.590290906950333], [161.92833306493978, 45.72002086170376], [124.67092494454701, 48.64436800574305]]","[8.0, 8.0, 8.0, 8.0, 8.0, 8.0, 8.0, 8.0, 8.0, 8.0]",10
/home/mmd/qwen/counting3/images/trial-20_6.png,"[[138.97998487892318, 18.748092681531524], [176.23268003710956, 24.88100201304136], [227.9381626487618, 20.93786050155187], [234.2678693231396, 45.44990214455972], [38.51446041779448, 37.37539234708544], [63.71525080349969, 32.41761446026185], [91.31198203044416, 26.15904250304699], [205.88987301585516, 23.788944762501906], [161.75696518504975, 47.68800794885979], [190.42742957429374, 42.13694665751895]]","[8.0, 8.0, 8.0, 8.0, 8.0, 8.0, 8.0, 8.0, 8.0, 8.0]",10
/home/mmd/qwen/counting3/images/trial-20_7.png,"[[29.249546606147383, 28.876741391417337], [130.57300505164864, 15.788263801299104], [49.19174247755991, 40.41481603409546], [157.74116784714485, 32.15404897846349], [209.12199276132162, 35.692060249257224], [70.71403322842096, 18.967567797346337], [110.50002722591512, 27.538189915982564], [190.12069685538847, 23.661440965481937], [234.27154557042888, 41.9619714979393], [72.36414287743168, 47.097246445422165]]","[8.0, 8.0, 8.0, 8.0, 8.0, 8.0, 8.0, 8.0, 8.0, 8.0]",10
/home/mmd/qwen/counting3/images/trial-20_8.png,"[[127.43833767696132, 23.582254030611463], [159.32974480916153, 22.729271150615457], [121.88243623713979, 48.93210136802312], [33.42287882250726, 25.425641030655385], [48.9563965138546, 43.70985859294514], [237.37681039597166, 25.496191173835335], [88.99357635746249, 35.73624283190472], [222.7094124511854, 48.64831580448285], [172.0376894302182, 43.69653371001277], [194.99291498550835, 37.152449175574205]]","[8.0, 8.0, 8.0, 8.0, 8.0, 8.0, 8.0, 8.0, 8.0, 8.0]",10
/home/mmd/qwen/counting3/images/trial-20_9.png,"[[69.52204989772883, 32.07952362211361], [225.20949284536314, 28.305635152298436], [138.97024470090568, 36.641241731695146], [20.462570033048756, 23.295277961889774], [97.7237416385273, 42.28444117726277], [202.34638947118597, 43.48536646773418], [108.6146588313699, 21.231289678826222], [180.17663707549946, 35.1112459110618], [119.86179086681013, 48.51287596332753], [14.697328433380406, 48.32935968242599]]","[8.0, 8.0, 8.0, 8.0, 8.0, 8.0, 8.0, 8.0, 8.0, 8.0]",10
/home/mmd/qwen/counting3/images/trial-20_10.png,"[[237.06490770858724, 15.962815580376466], [179.45087242774608, 31.419022759679926], [55.75785359798528, 26.45956775415272], [157.82145920587976, 15.230991658485488], [102.27795308716806, 14.399713043427663], [29.816003890728624, 20.130583117506415], [209.49584322927248, 46.345924632818125], [145.29751126515646, 38.1623521158706], [84.01655925529401, 33.974624190548326], [48.13644923824614, 48.55067019129291]]","[8.0, 8.0, 8.0, 8.0, 8.0, 8.0, 8.0, 8.0, 8.0, 8.0]",10
/home/mmd/qwen/counting3/images/trial-20_11.png,"[[154.70825668074912, 46.044987915291806], [118.07908611350157, 39.610571335085105], [227.63173717023707, 32.74015379686211], [181.31555896742935, 40.20916757824842], [209.6665486680824, 15.324527627285224], [52.59861909508928, 49.8911313740569], [96.13406410989995, 29.872987651343777], [66.1697702173062, 18.975145374560654], [25.792932720700673, 31.21492517769751], [142.0092001536461, 18.81711831229623]]","[8.0, 8.0, 8.0, 8.0, 8.0, 8.0, 8.0, 8.0, 8.0, 8.0]",10
/home/mmd/qwen/counting3/images/trial-20_12.png,"[[222.31059774251517, 18.94920870514032], [140.7839910680583, 31.388809561983756], [115.80209305328363, 34.78593988959921], [214.31096839611396, 40.05460452438449], [26.769606538202797, 49.63116187443935], [73.54308211563695, 24.009643550455497], [99.72396882178559, 14.45489309011458], [181.26450599030534, 18.91158400209195], [69.34721823866775, 49.303025043991845], [192.3385406912925, 42.69646794309402]]","[8.0, 8.0, 8.0, 8.0, 8.0, 8.0, 8.0, 8.0, 8.0, 8.0]",10
/home/mmd/qwen/counting3/images/trial-20_13.png,"[[34.597486773411696, 48.22280832428399], [205.8032662731655, 40.89693026703369], [82.84177181258883, 26.658461727018313], [178.58467589536292, 48.76327067013825], [135.79684657034596, 36.71415079728083], [158.21425073334706, 15.476929414640942], [25.966873752561447, 22.342274629987468], [58.48031219597426, 41.52639457128397], [107.5712638704528, 25.003893732209214], [203.11554367762724, 17.856624109538526]]","[8.0, 8.0, 8.0, 8.0, 8.0, 8.0, 8.0, 8.0, 8.0, 8.0]",10
/home/mmd/qwen/counting3/images/trial-20_14.png,"[[234.22957486968724, 34.15121290396056], [121.99719051202675, 32.838061115451744], [189.026494381887, 49.589816998801], [99.42875791306257, 16.43710884559799], [160.65414004206886, 49.73349023354595], [61.24543536533731, 41.32567531330989], [20.91878395947333, 19.60274554696339], [167.93456883092804, 20.84285034480991], [95.97989437442241, 42.55031208233349], [146.87210513175614, 30.59960660599331]]","[8.0, 8.0, 8.0, 8.0, 8.0, 8.0, 8.0, 8.0, 8.0, 8.0]",10
/home/mmd/qwen/counting3/images/trial-20_15.png,"[[23.70498269682753, 35.228712214459534], [236.67531908182815, 24.448885049140927], [215.54905580116852, 14.70814257246966], [181.72683007789516, 32.60135123763761], [151.7908002213003, 27.607265400399932], [45.78861062761615, 34.027224568714054], [111.23589223992725, 41.448301779961724], [131.79700789942274, 15.64094240618368], [83.28636220162677, 49.77991678402785], [93.63108750683688, 27.24174582368348]]","[8.0, 8.0, 8.0, 8.0, 8.0, 8.0, 8.0, 8.0, 8.0, 8.0]",10
/home/mmd/qwen/counting3/images/trial-20_16.png,"[[146.41263360494213, 21.406063963318882], [160.3690158426988, 48.07347580225853], [23.395074157934854, 30.17838617112031], [94.58558582583335, 24.365098424216942], [213.9387745212551, 48.802314133961495], [197.28798553567987, 29.085101650814146], [125.63971874620104, 30.918577247443938], [44.70970309397889, 15.247559567091654], [43.660276904078735, 39.883368459919055], [65.84534104873731, 23.48397318924965]]","[8.0, 8.0, 8.0, 8.0, 8.0, 8.0, 8.0, 8.0, 8.0, 8.0]",10
/home/mmd/qwen/counting3/images/trial-20_17.png,"[[65.11428826519042, 47.57505067750452], [229.62954283333366, 14.819308675096309], [207.09706369326548, 39.71743471054455], [169.0163053702139, 14.380683760020826], [91.27138451730715, 38.11039217077426], [234.92868843518212, 46.13983225025191], [160.06898752820422, 44.467061813005955], [83.5797521180792, 15.621042959092463], [184.6128284547005, 34.2832673342702], [34.271375477916656, 34.82326850217309]]","[8.0, 8.0, 8.0, 8.0, 8.0, 8.0, 8.0, 8.0, 8.0, 8.0]",10
/home/mmd/qwen/counting3/images/trial-20_18.png,"[[84.17994007930125, 34.80648357830141], [120.52552638828737, 25.970713042546812], [218.45959193548256, 42.52683163530299], [56.28483807386414, 28.037426722584947], [16.09397713872007, 42.459716544625664], [157.33869610199406, 38.29692451181444], [43.23731220674033, 46.470057973453876], [203.1937768603391, 21.047357893343985], [161.4118780339363, 15.206815428237496], [239.55919087341366, 18.788731515503905]]","[8.0, 8.0, 8.0, 8.0, 8.0, 8.0, 8.0, 8.0, 8.0, 8.0]",10
/home/mmd/qwen/counting3/images/trial-20_19.png,"[[126.7431354033111, 34.04090228530637], [198.62134825292313, 25.542160500285966], [87.18058523019262, 38.9540061428992], [52.21012810096968, 36.74469766190292], [217.78169487904114, 38.797288978876885], [158.72976830405713, 26.151705033701948], [106.95761559405877, 18.69677709419293], [27.32227390536586, 27.232469092388975], [188.11684259272707, 47.7748530724956], [70.51742781348828, 17.83503563738933]]","[8.0, 8.0, 8.0, 8.0, 8.0, 8.0, 8.0, 8.0, 8.0, 8.0]",10
/home/mmd/qwen/counting3/images/trial-20_20.png,"[[225.58207702010975, 20.22896804172958], [119.96346922704596, 46.319417447970416], [95.11640610552408, 32.289845725407915], [50.82787920364896, 48.601505140827925], [50.555413884501306, 21.654153271552097], [31.961858201058686, 33.64884546491258], [142.3136651248723, 36.2118772143362], [171.26402895931986, 24.06666173806059], [220.4819777566692, 49.60215847849649], [201.69891789869826, 32.662181366776316]]","[8.0, 8.0, 8.0, 8.0, 8.0, 8.0, 8.0, 8.0, 8.0, 8.0]",10
/home/mmd/qwen/counting3/images/trial-20_21.png,"[[115.4917433357556, 24.587185364199875], [221.34978328398154, 31.435028521370185], [33.84647956616774, 40.998486718737695], [64.72366233806702, 44.420357748152256], [91.84264211554719, 25.867953800106985], [145.75511668410957, 47.946805254669194], [168.6742729096851, 33.16497512531516], [59.70917056755113, 22.115721170978645], [196.74962623681694, 18.712234918872976], [146.56922531930738, 14.456947766640294]]","[8.0, 8.0, 8.0, 8.0, 8.0, 8.0, 8.0, 8.0, 8.0, 8.0]",10
/home/mmd/qwen/counting3/images/trial-20_22.png,"[[122.56408378829082, 36.687885955479864], [17.84216945171755, 49.553979826505085], [174.5380932099618, 42.94381957331181], [197.10812230641028, 21.249216147897158], [47.61425818649789, 45.00793089719426], [15.218264486666524, 16.29782115134811], [38.0340845418481, 15.645920918891523], [148.26488733435653, 21.89299669423913], [84.00036277175033, 27.11124536976945], [62.67619983912256, 16.015309029004825]]","[8.0, 8.0, 8.0, 8.0, 8.0, 8.0, 8.0, 8.0, 8.0, 8.0]",10
/home/mmd/qwen/counting3/images/trial-20_23.png,"[[108.56163184237882, 24.357206214313287], [206.59441374352588, 29.97575682777388], [134.54965538551113, 33.84533108297917], [163.49325561464232, 36.44169191288607], [24.42856605768622, 18.064490301389046], [45.248541663221346, 26.619769373768765], [66.59112524936275, 47.195080424584305], [187.11919755291333, 42.063004993461135], [90.25838158334571, 48.83493753895858], [16.12327818275031, 43.446402556971265]]","[8.0, 8.0, 8.0, 8.0, 8.0, 8.0, 8.0, 8.0, 8.0, 8.0]",10
/home/mmd/qwen/counting3/images/trial-20_24.png,"[[30.144435369468553, 29.645159134688274], [70.14494779277929, 30.044688482474406], [141.7792406507083, 40.7942227659193], [225.24705857265292, 31.817043622078774], [120.82660230358783, 18.606460072226316], [192.814139569254, 16.501988900605465], [96.85205118373662, 20.020071526366877], [206.17928969537274, 49.274430847799565], [98.44855434773056, 45.69488984600487], [175.87529506539278, 39.10099560654781]]","[8.0, 8.0, 8.0, 8.0, 8.0, 8.0, 8.0, 8.0, 8.0, 8.0]",10
/home/mmd/qwen/counting3/images/trial-20_25.png,"[[31.052976567069248, 105.57602648959971], [235.6373562114036, 92.95055480008268], [155.7279809667907, 111.10034963498995], [60.45593186308565, 79.43067356910181], [114.19717291965681, 82.42863250209692], [105.3601557206172, 109.73939348226972], [198.34455735328808, 101.42736160810924], [145.0715766377739, 82.81594993598773], [173.200447584548, 80.26675637445776], [85.6060476751071, 95.34113300636477]]","[8.0, 8.0, 8.0, 8.0, 8.0, 8.0, 8.0, 8.0, 8.0, 8.0]",10
/home/mmd/qwen/counting3/images/trial-20_26.png,"[[183.1005173201227, 111.86893979329976], [39.30282022304129, 98.87183455199884], [112.46574722964218, 87.55773283482382], [210.17329029693238, 89.85845386812487], [235.99689476294165, 91.00512228903342], [140.22643712101987, 105.87213870927535], [181.24742795447148, 81.81845977323313], [152.02638519433788, 85.0246712866435], [218.78091144248899, 112.902389652252], [69.25980918175136, 91.51502773776433]]","[8.0, 8.0, 8.0, 8.0, 8.0, 8.0, 8.0, 8.0, 8.0, 8.0]",10
/home/mmd/qwen/counting3/images/trial-20_27.png,"[[170.0069371499527, 81.45014310516495], [52.056575828805975, 99.78445887868277], [88.79221530058996, 110.92640354805086], [193.67565522495914, 109.12905439564133], [143.28637698131706, 107.90207411870347], [114.38425424967673, 92.83913549608445], [35.37885989112563, 79.09695566613169], [70.81941437863317, 86.79634933057993], [132.18536471594587, 79.20470754194261], [225.63649199988333, 83.54936108058732]]","[8.0, 8.0, 8.0, 8.0, 8.0, 8.0, 8.0, 8.0, 8.0, 8.0]",10
/home/mmd/qwen/counting3/images/trial-20_28.png,"[[221.4273862466428, 88.58684546731243], [118.75092448751805, 82.9089135795682], [167.6582181898066, 99.52891996350051], [30.541765802173245, 89.51153597077678], [76.88995765007813, 106.10961052787536], [116.77157222861639, 105.68866865364932], [44.512799723804, 111.51612948856057], [195.69976664880295, 96.83217154573883], [95.32320599245355, 82.38413398772104], [144.5557910936865, 93.33453110873484]]","[8.0, 8.0, 8.0, 8.0, 8.0, 8.0, 8.0, 8.0, 8.0, 8.0]",10
/home/mmd/qwen/counting3/images/trial-20_29.png,"[[87.81576284713456, 100.3210614677596], [15.933439883621457, 113.38288034180013], [201.4521394112632, 113.96471237520629], [26.480258222950333, 84.97688551374615], [187.43322200816885, 90.57567607818676], [52.030332061697735, 90.51628605896967], [216.55591563606515, 93.7333752516887], [229.70080913754435, 113.2897794616726], [165.38423276521692, 86.99012534130178], [81.92150986095656, 78.62751252238043]]","[8.0, 8.0, 8.0, 8.0, 8.0, 8.0, 8.0, 8.0, 8.0, 8.0]",10
/home/mmd/qwen/counting3/images/trial-20_30.png,"[[30.7412772949316, 99.39702944890456], [239.5939072852493, 90.38342956573615], [138.0261386730673, 91.47625555880023], [182.62936582900352, 102.6766973695511], [150.5098689601718, 113.1389296326322], [100.62833905733632, 100.81096861491977], [190.10754855979434, 81.27860932205164], [86.41247947174858, 78.64041786957128], [208.17855518499272, 100.8672891628439], [56.1249672205812, 111.92255680779579]]","[8.0, 8.0, 8.0, 8.0, 8.0, 8.0, 8.0, 8.0, 8.0, 8.0]",10
/home/mmd/qwen/counting3/images/trial-20_31.png,"[[77.79792797464123, 96.07705597049045], [142.62570215579126, 94.5946268939662], [39.16995287715639, 87.18368717146998], [191.7980022636453, 78.91473665060067], [209.03321728679592, 111.74208460407357], [119.84928452542573, 106.72670406538295], [32.6777249618848, 112.9906370556308], [169.02962358428155, 99.25155826294811], [240.89287136155548, 85.3996985500357], [121.34383380862145, 84.14973044559115]]","[8.0, 8.0, 8.0, 8.0, 8.0, 8.0, 8.0, 8.0, 8.0, 8.0]",10
/home/mmd/qwen/counting3/images/trial-20_32.png,"[[210.0180855037453, 96.55007382647239], [39.90325877661979, 82.34214228987449], [84.47964046496324, 109.51485483961402], [114.69949253488532, 94.44181077827247], [14.686815658037283, 96.51261092421382], [43.00055688435075, 107.6101534085005], [240.87538423659882, 109.4274503866731], [143.2218635748756, 104.50567617875714], [177.2235648741589, 90.00753844935001], [231.67171723939555, 81.79750462063086]]","[8.0, 8.0, 8.0, 8.0, 8.0, 8.0, 8.0, 8.0, 8.0, 8.0]",10
/home/mmd/qwen/counting3/images/trial-20_33.png,"[[116.79269058506206, 93.71830445793904], [23.492653654262845, 105.63458128650478], [167.54782127021772, 102.15087146565097], [215.20572579744024, 102.91280789358072], [92.80647309727159, 110.30364713760224], [86.27472111087738, 81.01622443844506], [144.53182342459039, 94.66054154426365], [232.63602417803492, 84.06483717256101], [41.175102233756846, 89.0670197982745], [69.92255075072532, 100.64389372658512]]","[8.0, 8.0, 8.0, 8.0, 8.0, 8.0, 8.0, 8.0, 8.0, 8.0]",10
/home/mmd/qwen/counting3/images/trial-20_34.png,"[[98.486914169958, 112.20667569359492], [59.610593819352744, 88.69106842502633], [109.33166137333929, 86.54298733278159], [207.1549259188915, 86.18724703773415], [164.27370752510538, 99.2454991667407], [36.75486883470927, 100.84899212149895], [37.82860490125793, 78.71335124627029], [197.031010155415, 110.43015615623023], [127.87219786353833, 112.84709526580855], [225.4686737838393, 98.48872321385082]]","[8.0, 8.0, 8.0, 8.0, 8.0, 8.0, 8.0, 8.0, 8.0, 8.0]",10
/home/mmd/qwen/counting3/images/trial-20_35.png,"[[196.19830415861375, 89.73262118625131], [68.83252143884955, 107.61201129725453], [40.23425843305959, 95.14452390603398], [141.1999982292301, 100.00799039424344], [20.464084107257168, 112.45833344681115], [57.704849097053405, 80.91416292216003], [113.78214272657874, 103.35339471246911], [237.9152208364465, 104.62915006006756], [183.4344606919867, 108.59079500406656], [227.6024439094721, 80.03017441790362]]","[8.0, 8.0, 8.0, 8.0, 8.0, 8.0, 8.0, 8.0, 8.0, 8.0]",10
/home/mmd/qwen/counting3/images/trial-20_36.png,"[[199.70101716210075, 81.45682596271982], [224.76190370005125, 104.29519643916153], [72.67352445047258, 93.38941666790201], [21.78536293996689, 83.3024820377452], [162.530038560646, 105.79880306034087], [100.37316029053369, 97.65339705600175], [185.91791166739728, 108.92438248526378], [128.0618248024419, 104.8272828238661], [231.50924501839907, 80.98555497907553], [166.74428395820973, 78.22814643951591]]","[8.0, 8.0, 8.0, 8.0, 8.0, 8.0, 8.0, 8.0, 8.0, 8.0]",10
/home/mmd/qwen/counting3/images/trial-20_37.png,"[[47.136644897988, 90.58240519054854], [171.86281833603118, 83.58074410544114], [94.00951694533012, 85.21959742871128], [236.1653617432221, 95.67872787882946], [202.7968099785066, 91.24165837665653], [73.21490542428555, 110.51062993330933], [23.357682536671774, 110.84338725350798], [117.8695461966078, 80.8366194702203], [96.63672545408886, 111.09000326240002], [184.68205148543183, 104.06244004594592]]","[8.0, 8.0, 8.0, 8.0, 8.0, 8.0, 8.0, 8.0, 8.0, 8.0]",10
/home/mmd/qwen/counting3/images/trial-20_38.png,"[[75.89997382326759, 97.5086374010799], [175.45371836975832, 112.50944560131875], [98.14993646183329, 97.18049742613942], [205.8642692340564, 113.7410245075798], [26.40085572548935, 86.68682344334071], [229.69188473159687, 98.26327720686808], [47.00097226302894, 100.36564845365652], [146.07192705338784, 89.33376337586114], [183.0626247771934, 86.7648820193333], [123.61235721946838, 78.08772957123121]]","[8.0, 8.0, 8.0, 8.0, 8.0, 8.0, 8.0, 8.0, 8.0, 8.0]",10
/home/mmd/qwen/counting3/images/trial-20_39.png,"[[129.35441433961648, 94.31824967392654], [204.2708193060471, 83.73871524154104], [152.18930861597292, 110.61141818327765], [79.81866798016394, 90.88404390198986], [31.17640152774478, 96.50144185880193], [233.11850253475052, 113.80947621839843], [101.53163447101947, 110.35002443032951], [180.7933201821693, 108.22165232591493], [178.0506094809623, 81.5355688771189], [57.06345538839185, 84.63118689105472]]","[8.0, 8.0, 8.0, 8.0, 8.0, 8.0, 8.0, 8.0, 8.0, 8.0]",10
/home/mmd/qwen/counting3/images/trial-20_40.png,"[[46.99628600047641, 95.63630371841245], [129.16283376965845, 112.87856139007484], [199.13309524170026, 106.4460296184674], [169.05020126272746, 83.63713800512222], [222.19243570870728, 93.60539124143284], [146.8683400407505, 81.58111494124103], [84.03567230528867, 108.3039976720676], [95.44292715758105, 88.92125210887883], [20.067687486639258, 88.76293233074293], [233.73023391897223, 112.69031844154425]]","[8.0, 8.0, 8.0, 8.0, 8.0, 8.0, 8.0, 8.0, 8.0, 8.0]",10
/home/mmd/qwen/counting3/images/trial-20_41.png,"[[127.12360671449409, 108.84350532708406], [34.22228289551725, 91.62319333283887], [57.134365675114125, 89.12240760756916], [200.6520674137654, 79.96621917771219], [156.76276622146014, 110.43290982704903], [93.61300623514951, 98.66905967927245], [56.50368134289374, 111.54332610547311], [227.96017374513107, 99.46684711059757], [145.83890101959918, 80.46252139318963], [119.59011647891992, 80.12856177439578]]","[8.0, 8.0, 8.0, 8.0, 8.0, 8.0, 8.0, 8.0, 8.0, 8.0]",10
/home/mmd/qwen/counting3/images/trial-20_42.png,"[[180.78909773124812, 110.90622445863886], [22.51122760416981, 78.15809490368797], [240.50663190184727, 89.4666610210538], [58.832213498288944, 95.95407759211483], [139.7291537819641, 104.61392668786245], [186.39080267802314, 87.40769725235175], [42.67427747336867, 111.78925854744315], [110.32600977227027, 88.53205812969075], [154.40135701747948, 84.84009678409542], [224.0921852253269, 108.53893356525346]]","[8.0, 8.0, 8.0, 8.0, 8.0, 8.0, 8.0, 8.0, 8.0, 8.0]",10
/home/mmd/qwen/counting3/images/trial-20_43.png,"[[59.50622504873482, 100.14189366641891], [38.4211538520383, 110.5864040705497], [189.84203252971716, 110.68440887676024], [146.74576356058486, 102.52399475541789], [112.19886728616704, 78.19401321259194], [224.51433013123997, 102.62490800137181], [161.3321085715067, 85.93575582333965], [108.95995638356635, 112.0504044886704], [191.31684552933905, 83.2839395485492], [81.38971114285908, 87.41676222142677]]","[8.0, 8.0, 8.0, 8.0, 8.0, 8.0, 8.0, 8.0, 8.0, 8.0]",10
/home/mmd/qwen/counting3/images/trial-20_44.png,"[[194.46791339921424, 79.11721450107703], [16.740138167550157, 80.50848225859885], [128.50919458878818, 100.7372977952145], [201.27417675040894, 107.41567693369873], [37.39770932027733, 109.09608601180324], [53.287690209835084, 88.2557305708017], [81.01554091077504, 95.26462925210704], [229.12678999751944, 95.78894485065615], [170.97834224852676, 85.32693852250662], [116.94001627027421, 79.98906745197371]]","[8.0, 8.0, 8.0, 8.0, 8.0, 8.0, 8.0, 8.0, 8.0, 8.0]",10
/home/mmd/qwen/counting3/images/trial-20_45.png,"[[47.2776945549595, 84.81031158197307], [205.3165025518554, 97.45968365429907], [78.0364106889342, 90.07558464415001], [137.87402243016936, 89.79978844307071], [175.8571045329244, 82.40773895564097], [29.865229081661084, 102.27009680296489], [162.82424939744843, 113.12536561256383], [231.62102623874048, 85.44561070615526], [239.966291110446, 108.01103773982622], [102.86002099794702, 86.4249104006197]]","[8.0, 8.0, 8.0, 8.0, 8.0, 8.0, 8.0, 8.0, 8.0, 8.0]",10
/home/mmd/qwen/counting3/images/trial-20_46.png,"[[104.62746395177231, 84.82241651401736], [219.75616495442114, 100.51934516816459], [134.08118801716324, 103.08216127962848], [44.8955323926742, 113.70266102458635], [41.90012270908758, 83.06213859961592], [166.72097107308366, 83.02163099496134], [210.3839868969574, 80.1716666631345], [19.708105697541903, 95.9157809718914], [175.26601923524282, 113.12720554803187], [88.64650599337388, 100.43911428634206]]","[8.0, 8.0, 8.0, 8.0, 8.0, 8.0, 8.0, 8.0, 8.0, 8.0]",10
/home/mmd/qwen/counting3/images/trial-20_47.png,"[[32.48867153424566, 99.84490040925346], [241.48194991801563, 83.06112277801438], [208.32121740838102, 83.38461877773784], [108.85287448950211, 110.25263139284479], [82.33063106360456, 102.52808162596472], [120.63198719323776, 78.13220855619488], [65.2304639232371, 81.3427888546236], [178.27793027696896, 108.16961690194256], [141.26228764307223, 97.395668815444], [238.5635021254946, 111.23221667666539]]","[8.0, 8.0, 8.0, 8.0, 8.0, 8.0, 8.0, 8.0, 8.0, 8.0]",10
/home/mmd/qwen/counting3/images/trial-20_48.png,"[[60.43686201199976, 81.33696318653993], [164.36144053198345, 99.10065918529631], [116.88838356285366, 109.98129584570368], [200.48554803369052, 87.53018112168705], [110.69541601120093, 78.28821221095137], [32.938960429733484, 101.4428211881085], [238.51442164304035, 113.00900236520724], [86.83138677281397, 109.49970172349366], [135.33046774641122, 93.25717748690275], [240.548337305626, 88.84132379491018]]","[8.0, 8.0, 8.0, 8.0, 8.0, 8.0, 8.0, 8.0, 8.0, 8.0]",10
/home/mmd/qwen/counting3/images/trial-20_49.png,"[[33.04267882301753, 84.20547508321907], [169.90903349745435, 83.80894814790045], [230.41965723520295, 108.3958087873427], [202.55744086404562, 86.77222471508583], [125.81880761420452, 112.70209160815202], [63.39369371621932, 105.17115768243326], [137.91003205456724, 88.87240247354066], [93.58406151600303, 104.38854887502045], [192.80946624910612, 109.26629477477057], [74.44587485790044, 79.59030466381178]]","[8.0, 8.0, 8.0, 8.0, 8.0, 8.0, 8.0, 8.0, 8.0, 8.0]",10
/home/mmd/qwen/counting3/images/trial-20_50.png,"[[109.99817205735536, 162.33693027349636], [141.25602207013992, 163.19860459546686], [196.57819941078208, 176.80756413627202], [167.35519166130686, 171.11698659808044], [28.17075590729528, 173.03485131962876], [51.60836154730466, 162.92679057820575], [194.35497264238077, 144.4566077261853], [96.61929543136164, 143.26571734119383], [221.07131333220056, 166.79974054145165], [123.67398737718965, 142.24485359845212]]","[8.0, 8.0, 8.0, 8.0, 8.0, 8.0, 8.0, 8.0, 8.0, 8.0]",10
/home/mmd/qwen/counting3/images/trial-20_51.png,"[[222.0142859340228, 159.79659090280586], [143.00273162747752, 154.71861642444756], [39.90456131795333, 154.7936821380373], [189.73841850025272, 165.3513031559699], [241.24967072858468, 147.83358509325174], [81.47648957069703, 152.54063654096115], [62.51852294549884, 169.64663405022844], [17.37792967659477, 162.4857819374851], [127.18486223872618, 175.4135381126619], [83.69592241520034, 176.59886444310735]]","[8.0, 8.0, 8.0, 8.0, 8.0, 8.0, 8.0, 8.0, 8.0, 8.0]",10
/home/mmd/qwen/counting3/images/trial-20_52.png,"[[138.67075420635234, 146.46828041714159], [77.86134365922773, 157.5052797686671], [17.852011030160604, 159.93502787763302], [231.06281573786583, 157.4281358824979], [204.1578591352688, 176.5609486054507], [113.40960691414823, 176.55718047287206], [167.11376095451104, 143.623949995764], [50.41588267454053, 146.7597124227949], [193.5019816446377, 154.560525189651], [138.47652416921693, 169.8616599192676]]","[8.0, 8.0, 8.0, 8.0, 8.0, 8.0, 8.0, 8.0, 8.0, 8.0]",10
/home/mmd/qwen/counting3/images/trial-20_53.png,"[[187.31681705462856, 160.49739768291698], [241.33929797922056, 161.41195821918708], [126.62602962956225, 147.0220170990591], [16.93312237455747, 145.05310531489343], [77.07398206044235, 148.97685534964592], [58.411498929935085, 165.35030776215615], [96.08089047612697, 168.77146178963886], [102.24131471861295, 147.54394610552373], [155.56481415716385, 163.62653713136], [219.62601011070817, 146.42339822863704]]","[8.0, 8.0, 8.0, 8.0, 8.0, 8.0, 8.0, 8.0, 8.0, 8.0]",10
/home/mmd/qwen/counting3/images/trial-20_54.png,"[[98.49550270842852, 174.6745049077394], [104.29406895288827, 149.4179234464175], [200.45786215153328, 169.31622735902806], [173.20849023878432, 142.78528700761137], [72.1587308250283, 154.20588306230468], [16.568382862587857, 162.7573107273618], [237.68081587638318, 159.4001774491649], [130.81623892287755, 143.0176229023985], [39.97809579169527, 161.91500895270082], [161.84677814461887, 165.23581775475068]]","[8.0, 8.0, 8.0, 8.0, 8.0, 8.0, 8.0, 8.0, 8.0, 8.0]",10
/home/mmd/qwen/counting3/images/trial-20_55.png,"[[58.35449252876528, 171.0187828527789], [98.82964608866322, 172.3129717215989], [195.55530982923148, 162.6765211283612], [141.20085400650683, 143.4973085865106], [216.51749865268863, 171.34227074537102], [97.93144322873347, 144.55022331267827], [28.66313603119016, 161.14765749876605], [236.93373588463936, 150.63887654633137], [69.60149650786072, 147.06719861082973], [184.0439869270386, 143.74111911649487]]","[8.0, 8.0, 8.0, 8.0, 8.0, 8.0, 8.0, 8.0, 8.0, 8.0]",10
/home/mmd/qwen/counting3/images/trial-20_56.png,"[[95.25879114190066, 171.92176998817095], [94.34233155357231, 144.11409326635578], [121.91936075891098, 168.21452979309896], [168.69570010022278, 144.3275227574528], [21.874390106705015, 177.26634872747115], [190.92789952337978, 170.4814904933038], [15.702919331577316, 155.79897022126585], [143.8689080925228, 171.2730954794325], [75.23015043956607, 160.4758418349646], [42.53267717844204, 161.4696226050079]]","[8.0, 8.0, 8.0, 8.0, 8.0, 8.0, 8.0, 8.0, 8.0, 8.0]",10
/home/mmd/qwen/counting3/images/trial-20_57.png,"[[106.10700108715592, 149.20271600469803], [54.7669290937476, 150.94352746603488], [187.25205552384176, 151.04143630150793], [136.80744168521966, 175.78156681702364], [153.81326209125544, 149.80092323224324], [219.65584394139105, 155.46327219608213], [15.737313009403392, 149.33551881500432], [238.09848428144008, 175.98078142192242], [84.63597894284962, 142.2040459343658], [172.45975116313014, 175.19917808480142]]","[8.0, 8.0, 8.0, 8.0, 8.0, 8.0, 8.0, 8.0, 8.0, 8.0]",10
/home/mmd/qwen/counting3/images/trial-20_58.png,"[[47.21259016374171, 158.37737216250477], [189.73870769025706, 167.398476169625], [24.91835375286671, 175.58664640270183], [229.9337853686712, 154.07262793384035], [84.54455184392779, 169.6486533548229], [156.8013337359578, 176.67936821323107], [62.07015019580184, 176.41962326019944], [200.50814808549413, 147.77518515909762], [161.86778305149065, 146.46735810118398], [116.1878861655586, 164.96079302730698]]","[8.0, 8.0, 8.0, 8.0, 8.0, 8.0, 8.0, 8.0, 8.0, 8.0]",10
/home/mmd/qwen/counting3/images/trial-20_59.png,"[[146.50268621104075, 149.01116183922892], [234.07725240993335, 175.26315046036459], [120.50761862891007, 165.88494320308217], [62.91123710025671, 149.98106498294467], [79.7831148109264, 166.92721885583143], [30.041050420665442, 148.95831863431928], [39.26220530807478, 171.64209379625993], [169.07351478118588, 165.93248008876566], [215.19781721345058, 156.20714557292354], [194.70370666530968, 168.5757989703499]]","[8.0, 8.0, 8.0, 8.0, 8.0, 8.0, 8.0, 8.0, 8.0, 8.0]",10
/home/mmd/qwen/counting3/images/trial-20_60.png,"[[47.78303505625506, 164.17475033474403], [152.58580834870347, 155.83614899621094], [23.854673900754513, 161.0842573907047], [214.5173813272939, 168.4712019001753], [99.98335126539067, 150.16623117300497], [70.18825667630546, 145.31211529542145], [130.26038328892685, 168.91394980031865], [166.45878928099637, 173.99744818819826], [236.0750972947604, 160.99527416929942], [104.84369584317729, 175.75741750793074]]","[8.0, 8.0, 8.0, 8.0, 8.0, 8.0, 8.0, 8.0, 8.0, 8.0]",10
/home/mmd/qwen/counting3/images/trial-20_61.png,"[[237.22342737659255, 158.42673794650653], [177.8971237748539, 168.45590473307223], [62.997580417330454, 144.80936688814447], [151.42545786890778, 146.38910209801656], [101.14767266173845, 174.0293015850536], [212.85026659046673, 146.27280576235026], [32.74934263621296, 150.00949872282914], [144.53171315692555, 171.77056543702255], [63.199366158034316, 177.5091220961279], [216.14145546523642, 174.20423341204585]]","[8.0, 8.0, 8.0, 8.0, 8.0, 8.0, 8.0, 8.0, 8.0, 8.0]",10
/home/mmd/qwen/counting3/images/trial-20_62.png,"[[232.87109208444983, 173.38709273281262], [180.8744071999639, 150.19440667388628], [89.38645071936767, 167.69718245047378], [52.00617280546121, 174.2345784999048], [210.5985246770031, 162.9347331616948], [155.68522029456008, 164.61927737867885], [136.2831485837608, 151.30039667049329], [240.07511460385732, 149.19867719176221], [23.08935897556183, 155.62717668069467], [47.081038634285406, 147.7691073688477]]","[8.0, 8.0, 8.0, 8.0, 8.0, 8.0, 8.0, 8.0, 8.0, 8.0]",10
/home/mmd/qwen/counting3/images/trial-20_63.png,"[[214.20665158944027, 154.56827128608535], [194.2849944585674, 176.25714966707991], [85.18587714046522, 169.65959048671334], [90.31130226510241, 147.89638774538983], [47.64530595241576, 165.73312263381723], [112.06674072409777, 155.9126478872135], [239.2288717757739, 164.03266271345277], [133.87447632213593, 151.03011961431616], [156.45923202347555, 146.1922986872366], [156.791623918621, 171.73965887959235]]","[8.0, 8.0, 8.0, 8.0, 8.0, 8.0, 8.0, 8.0, 8.0, 8.0]",10
/home/mmd/qwen/counting3/images/trial-20_64.png,"[[176.03589113824836, 174.43987218478716], [17.822118212508684, 175.91427632397193], [201.18879294806243, 144.0406584018371], [197.84268390460485, 170.96186317726347], [56.797426585964786, 176.96792311808085], [96.97715893077059, 158.23198913524146], [124.352622239525, 146.94715567326392], [30.98870701837578, 154.5580391281162], [152.89791656558884, 159.8796094365044], [69.78874638033162, 153.56932196274582]]","[8.0, 8.0, 8.0, 8.0, 8.0, 8.0, 8.0, 8.0, 8.0, 8.0]",10
/home/mmd/qwen/counting3/images/trial-20_65.png,"[[70.19788680461366, 162.92643749406807], [235.68006957904845, 165.68053230129232], [124.01461376256687, 153.12341823019426], [45.42218393682131, 177.9546289710949], [185.98718965243916, 151.0041537481699], [149.52267935814564, 167.51578265237657], [98.83658574402936, 144.75435318362472], [48.966577205288395, 151.74063598500013], [209.10420521730705, 150.47716854936135], [191.58412708746783, 172.33726035127452]]","[8.0, 8.0, 8.0, 8.0, 8.0, 8.0, 8.0, 8.0, 8.0, 8.0]",10
/home/mmd/qwen/counting3/images/trial-20_66.png,"[[43.758612417352815, 171.36283706917055], [214.74046646718202, 155.863320963218], [77.0563060210242, 149.05174072772726], [32.44795891845935, 149.73382224509155], [239.4059674744526, 156.05927523726336], [157.1008023659847, 166.89368288265825], [161.5381699812687, 143.99185152980306], [178.83307412737832, 171.2898310691645], [116.13192182570995, 154.44433290565507], [106.56573494169547, 176.08123386062428]]","[8.0, 8.0, 8.0, 8.0, 8.0, 8.0, 8.0, 8.0, 8.0, 8.0]",10
/home/mmd/qwen/counting3/images/trial-20_67.png,"[[77.74493280213787, 158.53404307515603], [138.768609472887, 145.65402114537147], [128.5049813207482, 176.4293236937797], [194.10414252936107, 158.23533378702007], [52.096064299490145, 174.01307099383092], [239.55529547016226, 173.39103758233907], [165.7722535477452, 158.04107255633454], [110.60604958815844, 147.520120580751], [23.321514792198485, 176.84173551910104], [34.34434777411195, 150.98938999599898]]","[8.0, 8.0, 8.0, 8.0, 8.0, 8.0, 8.0, 8.0, 8.0, 8.0]",10
/home/mmd/qwen/counting3/images/trial-20_68.png,"[[227.0117274965058, 155.9692502663087], [201.3341927590612, 150.91948448726853], [123.90997006506568, 151.85047098227597], [23.136406351014926, 171.3620738277337], [158.1616524678776, 161.03157729000785], [96.69941606261186, 160.26084941545454], [240.5299958349381, 175.50864076687662], [116.93534272455085, 172.75442289580067], [51.55606852281113, 147.04706260035283], [201.6069194629094, 176.26980332912407]]","[8.0, 8.0, 8.0, 8.0, 8.0, 8.0, 8.0, 8.0, 8.0, 8.0]",10
/home/mmd/qwen/counting3/images/trial-20_69.png,"[[202.5948888980476, 149.6594721463422], [228.89443314106896, 159.7811098023617], [104.64987098477386, 164.21792838886444], [52.67550652905382, 148.9700381541613], [166.85799596879127, 156.98433522562738], [64.33979663130263, 167.7828888452603], [143.66615410874383, 156.66798268486497], [19.070504515589604, 164.5706937768608], [75.94123768780356, 143.7046828887506], [123.79762506033585, 177.33167653334186]]","[8.0, 8.0, 8.0, 8.0, 8.0, 8.0, 8.0, 8.0, 8.0, 8.0]",10
/home/mmd/qwen/counting3/images/trial-20_70.png,"[[123.72423256871431, 165.97915206009776], [155.32208249076777, 167.17995527937296], [219.71587142330515, 169.06528568184373], [51.067509790123104, 149.95322998573184], [28.88129493302725, 166.3539225461131], [83.99086116819834, 165.29573464526993], [139.40887084142747, 147.11510469706744], [103.16403742921486, 153.89654026384198], [210.9933472503201, 145.33167824590535], [184.90643621979086, 157.51056074713492]]","[8.0, 8.0, 8.0, 8.0, 8.0, 8.0, 8.0, 8.0, 8.0, 8.0]",10
/home/mmd/qwen/counting3/images/trial-20_71.png,"[[20.966613002721285, 173.23424936256077], [178.63332988783753, 142.64346046165892], [139.38548764072289, 150.59235879564906], [215.04135166930322, 172.72776495252515], [82.7762432753032, 163.54675372487998], [112.74379212589321, 156.21074681710581], [187.47750811361436, 163.8291120055196], [161.40564945801452, 166.63401470078526], [51.472762637033085, 156.63977754166163], [224.4842475181266, 150.48177991091853]]","[8.0, 8.0, 8.0, 8.0, 8.0, 8.0, 8.0, 8.0, 8.0, 8.0]",10
/home/mmd/qwen/counting3/images/trial-20_72.png,"[[68.93329426869677, 145.52394020638332], [165.83114877011872, 150.7650686990199], [237.6265583409736, 166.2905602650421], [204.89251419186627, 174.31816558097577], [91.01057765601902, 145.82707823757042], [119.44302703520594, 145.97725264402396], [66.64621598479474, 176.2285049167794], [36.60398356071035, 144.8550279976787], [44.3852966377052, 165.8080056851135], [132.39681845819223, 176.66797643102785]]","[8.0, 8.0, 8.0, 8.0, 8.0, 8.0, 8.0, 8.0, 8.0, 8.0]",10
/home/mmd/qwen/counting3/images/trial-20_73.png,"[[218.26574150159976, 149.08965986956525], [39.85032834495097, 146.0406637492969], [185.98130481699886, 172.88810699999408], [240.0494344426786, 166.4244683162315], [159.9213409185238, 166.74342116876733], [124.08514393925458, 161.69186597941595], [211.99889443947202, 170.86179642544698], [147.89634221530667, 147.94410728359418], [98.2894553650881, 173.02343105456333], [56.19902103455195, 169.13281134832158]]","[8.0, 8.0, 8.0, 8.0, 8.0, 8.0, 8.0, 8.0, 8.0, 8.0]",10
/home/mmd/qwen/counting3/images/trial-20_74.png,"[[201.26951716822634, 163.59298649179973], [178.64656135422908, 142.31427892373833], [161.34868013455738, 168.5544762667904], [123.60376209461614, 159.41806979780935], [70.07646422457792, 156.6825934332438], [95.81540782607878, 156.64314063233547], [232.79770816133174, 168.98534784689107], [22.62741477670088, 152.51677580140043], [50.72251755276375, 177.81727179019745], [44.93720060784621, 148.65332340913585]]","[8.0, 8.0, 8.0, 8.0, 8.0, 8.0, 8.0, 8.0, 8.0, 8.0]",10
/home/mmd/qwen/counting3/images/trial-20_75.png,"[[68.74349085510642, 211.91848817134127], [105.16541490126163, 211.71158722123326], [134.2112025030023, 226.38515096841178], [93.53189867846642, 235.18000015325532], [21.26514903602924, 241.11367459214884], [159.81568808531293, 227.3250470064113], [228.55994946182415, 237.91207212469968], [18.9372230320294, 213.5614046722184], [182.50078617230673, 233.04040078649967], [218.79596413579225, 216.223198344762]]","[8.0, 8.0, 8.0, 8.0, 8.0, 8.0, 8.0, 8.0, 8.0, 8.0]",10
/home/mmd/qwen/counting3/images/trial-20_76.png,"[[176.10395705755286, 212.57138803033638], [36.57558199910305, 219.04183264509876], [215.963111028072, 227.88120163819], [129.78399339825302, 227.89454961056325], [61.70088172463146, 210.75451529841604], [99.99352300587623, 233.1807588373073], [160.52033956360592, 237.55065119219003], [14.238021241250259, 233.7523621696792], [59.41778891908537, 233.13420554742086], [202.7374088594893, 208.12666418011824]]","[8.0, 8.0, 8.0, 8.0, 8.0, 8.0, 8.0, 8.0, 8.0, 8.0]",10
/home/mmd/qwen/counting3/images/trial-20_77.png,"[[225.19933173959922, 212.4734821512314], [192.77231204800518, 225.39123892748495], [112.6566348727274, 208.85471097038794], [111.60258421147243, 240.70035660832798], [146.9457006187009, 220.59601892088537], [72.3366796388978, 221.49658831208902], [16.896566006327117, 239.16642360933236], [52.66103178295146, 209.9826040218844], [240.15102570246555, 237.41258477287218], [20.33498248487259, 215.66956885313346]]","[8.0, 8.0, 8.0, 8.0, 8.0, 8.0, 8.0, 8.0, 8.0, 8.0]",10
/home/mmd/qwen/counting3/images/trial-20_78.png,"[[131.4058535137668, 212.79133416735354], [231.26565218045914, 228.86968691959223], [148.44290328752612, 239.85527414566673], [34.802373139956615, 234.54268732443242], [64.87776997379524, 215.0422621520183], [87.21636320213872, 232.6216071381865], [197.56804243153528, 230.79027165262468], [175.46552204103494, 209.16316181530888], [110.06004904834856, 226.76092281707653], [37.473805864186, 212.01411123008648]]","[8.0, 8.0, 8.0, 8.0, 8.0, 8.0, 8.0, 8.0, 8.0, 8.0]",10
/home/mmd/qwen/counting3/images/trial-20_79.png,"[[33.90473900540619, 227.01709109128228], [104.68734027939287, 238.92779086792603], [154.1017106040401, 224.81088413583217], [227.90258749839006, 216.2844887573007], [197.9407459406459, 227.76940929553263], [66.2887953373902, 218.49626245049936], [111.98173644452088, 210.1562927032653], [134.78216266166936, 212.5543475111916], [176.45121966693873, 206.19656627940662], [24.821448550836966, 206.79275020657482]]","[8.0, 8.0, 8.0, 8.0, 8.0, 8.0, 8.0, 8.0, 8.0, 8.0]",10
/home/mmd/qwen/counting3/images/trial-20_80.png,"[[130.2842195375133, 227.49193113587285], [82.92398675811009, 239.48113914247924], [180.3802180854497, 233.39651960080403], [38.1698569444667, 222.20514933609547], [235.24357437418843, 226.09106527507856], [152.68855250648355, 206.47977375276682], [208.30899402722642, 220.91490623665777], [60.630652194890466, 229.99504083480852], [100.66782816616303, 218.24409116089797], [17.949715951839117, 232.6037469379154]]","[8.0, 8.0, 8.0, 8.0, 8.0, 8.0, 8.0, 8.0, 8.0, 8.0]",10
/home/mmd/qwen/counting3/images/trial-20_81.png,"[[25.938900538015307, 209.13872039081477], [106.85112211685082, 209.8772084577838], [219.47334417298637, 207.3735319796836], [136.25406512773532, 217.95911714634846], [69.89724437401534, 206.060139928852], [85.92464601177683, 222.13958149904997], [46.415914690382245, 234.44258639691685], [18.841802258273546, 238.80141973125154], [205.02698287649065, 233.67661090927942], [170.14288585470936, 228.98071751499796]]","[8.0, 8.0, 8.0, 8.0, 8.0, 8.0, 8.0, 8.0, 8.0, 8.0]",10
/home/mmd/qwen/counting3/images/trial-20_82.png,"[[233.05801254019303, 225.73719114219043], [54.37412393095831, 240.7576442519901], [108.89109757331737, 234.35127956502043], [21.202415169960087, 211.9571039848638], [46.32972145385382, 212.8841554498559], [210.98705270869064, 218.83162423488554], [81.33786308834406, 220.3516934076422], [130.9775255469696, 229.83766884804004], [189.25501561977464, 227.84473496490315], [115.52585158120579, 210.7507588488965]]","[8.0, 8.0, 8.0, 8.0, 8.0, 8.0, 8.0, 8.0, 8.0, 8.0]",10
/home/mmd/qwen/counting3/images/trial-20_83.png,"[[219.21327396748922, 214.0111622946224], [182.0771172147148, 218.63846458068807], [152.51187293063504, 228.13898315091822], [14.971355685454235, 231.5153752195056], [49.28805213461843, 224.15891355332053], [202.62543969626995, 228.88709294501513], [125.6989903832209, 212.72509458078466], [111.84653474645104, 238.12234131436068], [82.5186125052961, 219.3075426711622], [223.02835731183671, 239.8435478495915]]","[8.0, 8.0, 8.0, 8.0, 8.0, 8.0, 8.0, 8.0, 8.0, 8.0]",10
/home/mmd/qwen/counting3/images/trial-20_84.png,"[[144.54749657012226, 226.8103002118851], [118.04717329463605, 229.22464977435382], [49.806221920473924, 210.78613374345758], [168.10788219858676, 225.40561435438718], [95.783136529246, 233.55403535013198], [196.3816857607022, 223.24616045969748], [131.62641813845167, 206.06362542868575], [18.978571036809974, 237.522901690956], [230.45309421923284, 207.09193923435305], [239.8757731919049, 235.07927973410682]]","[8.0, 8.0, 8.0, 8.0, 8.0, 8.0, 8.0, 8.0, 8.0, 8.0]",10
/home/mmd/qwen/counting3/images/trial-20_85.png,"[[24.16328123226164, 228.46050409151528], [142.60366898426344, 209.5305624965459], [107.0524677015257, 216.77096730687674], [166.29546143265372, 239.63106600363565], [84.69410746510721, 240.24946944593273], [174.97881219385945, 210.47497577782264], [224.32796372634246, 209.87017676999008], [230.81657237073262, 232.3743896622328], [60.589244618354876, 216.1610118075224], [204.50672059932086, 235.7428947577872]]","[8.0, 8.0, 8.0, 8.0, 8.0, 8.0, 8.0, 8.0, 8.0, 8.0]",10
/home/mmd/qwen/counting3/images/trial-20_86.png,"[[228.32777259999284, 214.5193329647471], [130.62458290894654, 210.82551757540645], [20.56073034279446, 211.5515550335517], [159.4593795762146, 215.05800991242955], [98.79158633963415, 238.78407426197816], [51.74661476507114, 220.38101299645916], [223.3282308069926, 236.2559231887394], [87.98774078864295, 217.53972860402922], [206.1376586405269, 213.10498685276798], [182.0487256590257, 226.43450283437267]]","[8.0, 8.0, 8.0, 8.0, 8.0, 8.0, 8.0, 8.0, 8.0, 8.0]",10
/home/mmd/qwen/counting3/images/trial-20_87.png,"[[147.63029120795832, 234.15304531703447], [75.9697809407677, 237.83729661142428], [216.54673715238295, 240.38418723908705], [200.96603605884007, 210.02739147454295], [139.0510663607701, 210.91776657409423], [180.440015552559, 234.60696035975906], [44.57455815754447, 209.74111891781024], [68.83957523284816, 212.30034614744963], [26.01642046571476, 228.26924212745016], [123.90125522058784, 228.31538376536292]]","[8.0, 8.0, 8.0, 8.0, 8.0, 8.0, 8.0, 8.0, 8.0, 8.0]",10
/home/mmd/qwen/counting3/images/trial-20_88.png,"[[132.50937075172266, 215.83958071651006], [182.90209891293267, 234.71807891015254], [161.57185677158932, 206.78972262815407], [68.72296744959873, 218.18216666571004], [236.6110710907024, 229.69896726289528], [38.05162390548067, 230.60191013093205], [95.84943944805804, 220.90872836853598], [211.05197617947823, 218.25324608079927], [48.22754254702808, 209.10755206076982], [113.60706997279412, 238.03069540482002]]","[8.0, 8.0, 8.0, 8.0, 8.0, 8.0, 8.0, 8.0, 8.0, 8.0]",10
/home/mmd/qwen/counting3/images/trial-20_89.png,"[[85.91922304718548, 233.71525944983924], [33.96984322057062, 216.32565981604787], [173.41071380311345, 225.90898788411153], [125.492862542209, 213.21739743707363], [64.93540403289306, 207.8308548779637], [148.92576816006994, 232.55347072669542], [216.4411236892038, 223.88635299741637], [238.46681330843373, 228.42369152337335], [52.64493924109722, 237.59650434660924], [193.80082853525408, 213.32148496381078]]","[8.0, 8.0, 8.0, 8.0, 8.0, 8.0, 8.0, 8.0, 8.0, 8.0]",10
/home/mmd/qwen/counting3/images/trial-20_90.png,"[[108.03377261397561, 220.67799563885492], [218.68892272550966, 238.33127720277042], [84.019057958827, 236.54904231395588], [19.67825800612421, 241.2861068561171], [52.96374069212786, 226.76316290347134], [189.2601879878136, 236.4011417471196], [155.36972089047543, 225.14449265324095], [124.03398297414485, 236.95469463149772], [230.24748715961456, 212.0610344261305], [201.64778971997137, 209.44975598593962]]","[8.0, 8.0, 8.0, 8.0, 8.0, 8.0, 8.0, 8.0, 8.0, 8.0]",10
/home/mmd/qwen/counting3/images/trial-20_91.png,"[[126.59384430067841, 223.36474087539185], [189.3212092843241, 235.09836259323197], [91.21918738667927, 225.62004289753892], [155.56817860311168, 231.53888994033923], [230.64664452794565, 232.78632452273746], [15.535004093429752, 224.12980320476044], [50.09312323164571, 216.29048555289177], [173.9480613004002, 209.0620092522201], [110.93627280142903, 239.32720886389046], [207.27914689483615, 211.85270469473946]]","[8.0, 8.0, 8.0, 8.0, 8.0, 8.0, 8.0, 8.0, 8.0, 8.0]",10
/home/mmd/qwen/counting3/images/trial-20_92.png,"[[124.37907638604443, 213.15565587676298], [238.3245199549667, 238.79751183065423], [184.11321861661023, 236.0841150027723], [20.130687187656605, 233.4687260798917], [39.18109477027623, 219.96782800597973], [131.7123536171951, 234.45646169480653], [171.2731291148757, 215.4501279521195], [213.03718490040836, 239.13685069928107], [101.03364225355081, 231.64620954455998], [69.88782750206659, 210.94851891196174]]","[8.0, 8.0, 8.0, 8.0, 8.0, 8.0, 8.0, 8.0, 8.0, 8.0]",10
/home/mmd/qwen/counting3/images/trial-20_93.png,"[[166.6539882509188, 228.51687368123768], [201.16571605894745, 210.3443255148084], [78.50454439716468, 227.35820905828444], [48.764032104225855, 228.9056933039845], [226.75651313762808, 216.1163750449461], [133.13916137702606, 241.24069266667445], [121.8388924200821, 221.28434564369243], [33.40510728625125, 210.40145581704354], [98.78645372804388, 211.58982566922091], [214.26514004333723, 237.9291271085896]]","[8.0, 8.0, 8.0, 8.0, 8.0, 8.0, 8.0, 8.0, 8.0, 8.0]",10
/home/mmd/qwen/counting3/images/trial-20_94.png,"[[145.26329545510617, 225.01136689026205], [112.75966364812176, 233.51509710594527], [110.37351917146424, 211.03542260813825], [159.34258316177178, 207.68070788609654], [240.89118311686047, 231.3861600583509], [25.930768590568967, 213.01444298099335], [200.46420244078, 234.0912605009288], [73.15227276302906, 233.50012623813743], [60.568932573839355, 215.19206344531744], [34.04091263614015, 240.75772828455067]]","[8.0, 8.0, 8.0, 8.0, 8.0, 8.0, 8.0, 8.0, 8.0, 8.0]",10
/home/mmd/qwen/counting3/images/trial-20_95.png,"[[30.49957893343934, 220.76342433484848], [239.77807536629726, 214.31320120081676], [93.52126895115836, 235.54320659172365], [219.16322357629684, 224.5446250408673], [133.80622559734846, 210.90480568810014], [194.86025172517253, 236.95194463169332], [86.7304210007551, 206.35013977486415], [59.06359032884728, 227.4987475551215], [198.2569562689124, 206.11364162664253], [131.98989923042927, 239.68500044170395]]","[8.0, 8.0, 8.0, 8.0, 8.0, 8.0, 8.0, 8.0, 8.0, 8.0]",10
/home/mmd/qwen/counting3/images/trial-20_96.png,"[[58.10348435546337, 222.20382626420877], [173.18160850360047, 213.49695753159594], [210.6450123004091, 214.91981514292183], [91.75598489077767, 231.83819761653422], [229.13264110066868, 240.62518712025513], [44.43942178425939, 241.6006660960314], [149.00135175957763, 235.97073365180228], [177.04330296687203, 237.86793390930595], [128.5586005614473, 206.28966624330533], [15.858570072665891, 224.7497307402917]]","[8.0, 8.0, 8.0, 8.0, 8.0, 8.0, 8.0, 8.0, 8.0, 8.0]",10
/home/mmd/qwen/counting3/images/trial-20_97.png,"[[14.344319393878953, 231.01954205470483], [136.85326587094846, 238.08156993648583], [228.39048812371465, 229.64366906078862], [184.73765949245214, 225.69820335710907], [75.89216719516105, 214.21545347801205], [56.43866984669209, 237.3818088133688], [135.67716847845006, 208.27614503866536], [38.77164009589478, 215.16298603566776], [156.66556369249946, 227.2512196546466], [102.02133614658389, 227.20227083792165]]","[8.0, 8.0, 8.0, 8.0, 8.0, 8.0, 8.0, 8.0, 8.0, 8.0]",10
/home/mmd/qwen/counting3/images/trial-20_98.png,"[[189.92273425121937, 209.42044816231052], [74.84728911630235, 225.14175515133684], [26.11455696008384, 232.00530150642174], [175.13491644736774, 236.18684964557872], [102.45541264776536, 241.41153810755742], [217.66697212817658, 214.2818124125867], [149.08060306074893, 229.83495488340478], [232.1434055106339, 235.06468371188816], [122.629085093231, 213.7380695591618], [203.56752197756057, 237.24227658689318]]","[8.0, 8.0, 8.0, 8.0, 8.0, 8.0, 8.0, 8.0, 8.0, 8.0]",10
/home/mmd/qwen/counting3/images/trial-20_99.png,"[[131.949165087533, 207.08675185510845], [192.77656829583822, 212.38519290574476], [75.3175536723839, 226.2043104503457], [170.24450307725854, 238.3893350388294], [107.7431502225121, 215.66624530073403], [51.57858388137182, 236.37783649573493], [136.1400876284074, 228.89044395509464], [24.203640442809885, 217.3675247627311], [157.0290139577425, 219.7587007209562], [200.25341023710368, 238.76834411367338]]","[8.0, 8.0, 8.0, 8.0, 8.0, 8.0, 8.0, 8.0, 8.0, 8.0]",10
